N,Species,Cluster,Population,ID,Latitude,Longitude,LTRS,WNT,EN,EF,ZMP,AML,ATPS,MP20
1,Peninsula,NBP-C,88,88_11A,29.32541,-114.29353,01:01,,02:04,01:02,,,09:09,07:07
2,Peninsula,NBP-C,88,88_12A,29.32541,-114.29353,01:01,01:03,01:01,01:01,01:01,08:09,09:09,07:07
3,Peninsula,NBP-C,88,88_13A,29.32541,-114.29353,01:01,01:03,01:01,01:01,01:01,08:09,09:09,05:07
4,Peninsula,NBP-C,88,88_14A,29.32541,-114.29353,01:01,01:01,01:02,01:01,01:01,08:09,09:09,07:07
5,Peninsula,NBP-C,88,88_15A,29.32541,-114.29353,01:01,01:03,01:02,01:01,01:01,08:09,09:09,05:05
6,Peninsula,NBP-C,88,88_16A,29.32541,-114.29353,01:01,01:01,01:02,01:01,01:01,09:09,09:09,07:07
7,Peninsula,NBP-C,88,88_17A,29.32541,-114.29353,01:01,01:01,01:02,01:01,01:01,07:09,09:09,05:07
8,Peninsula,NBP-C,88,88_18A,29.32541,-114.29353,01:01,01:01,01:02,01:01,01:01,07:07,09:09,05:07
9,Peninsula,NBP-C,88,88_19A,29.32541,-114.29353,01:01,01:03,01:02,01:01,01:01,09:10,09:09,07:07
10,Peninsula,NBP-C,88,88_20A,29.32541,-114.29353,01:01,01:01,01:01,01:01,01:02,07:08,09:09,07:07
11,Peninsula,NBP-C,9,9_0A,29.01457,-113.94486,01:01,01:01,01:02,01:01,01:01,06:09,09:09,07:07
12,Peninsula,NBP-C,9,9_1A,29.01457,-113.94486,01:01,01:01,01:02,01:01,01:01,09:09,09:09,07:07
13,Peninsula,NBP-C,9,9_2A,29.01457,-113.94486,01:01,01:01,01:02,01:01,01:01,09:09,09:09,07:07
14,Peninsula,NBP-C,9,9_3A,29.01457,-113.94486,01:01,01:01,01:02,01:01,01:01,06:06,09:09,07:07
15,Peninsula,NBP-C,9,9_11A,29.01457,-113.94486,01:01,01:03,01:02,01:01,01:01,09:09,07:09,05:07
16,Peninsula,NBP-C,9,9_12A,29.01457,-113.94486,01:01,01:01,01:01,01:01,01:01,09:09,09:09,07:07
17,Peninsula,NBP-C,9,9_16A,29.01457,-113.94486,01:01,01:03,01:01,01:01,01:01,09:10,05:09,07:07
18,Peninsula,NBP-C,9,9_17A,29.01457,-113.94486,01:01,01:01,01:02,01:01,01:01,07:09,09:09,07:07
19,Peninsula,NBP-C,9,9_18A,29.01457,-113.94486,01:01,01:03,01:01,01:01,01:01,09:09,09:09,07:07
20,Peninsula,NBP-C,84,84_11A,28.96651,-113.66787,01:01,01:03,01:01,01:01,01:01,09:09,09:09,05:07
21,Peninsula,NBP-C,84,84_12A,28.96651,-113.66787,01:01,01:01,01:01,01:01,01:02,08:09,09:09,05:15
22,Peninsula,NBP-C,84,84_13A,28.96651,-113.66787,01:01,01:01,01:02,01:01,01:01,07:09,07:09,07:07
23,Peninsula,NBP-C,84,84_14A,28.96651,-113.66787,01:01,,01:01,01:02,,,05:09,07:07
24,Peninsula,NBP-C,84,84_15A,28.96651,-113.66787,01:01,01:01,01:05,01:01,01:01,07:07,09:09,07:07
25,Peninsula,NBP-C,84,84_16A,28.96651,-113.66787,01:01,01:01,01:01,01:01,01:01,09:09,09:09,07:07
26,Peninsula,NBP-C,84,84_17A,28.96651,-113.66787,01:01,01:01,01:02,01:01,01:01,07:09,09:09,05:05
27,Peninsula,NBP-C,84,84_18A,28.96651,-113.66787,01:01,01:01,01:02,01:01,01:01,09:09,09:09,05:07
28,Peninsula,NBP-C,84,84_20A,28.96651,-113.66787,01:01,01:03,01:05,01:01,01:01,09:09,07:09,07:07
29,Peninsula,NBP-C,175,175_1A,28.72796,-113.48973,01:01,01:01,01:02,01:01,01:02,08:09,09:09,05:07
30,Peninsula,NBP-C,175,175_2A,28.72796,-113.48973,01:01,01:01,01:02,01:01,01:01,09:09,09:09,05:07
31,Peninsula,NBP-C,175,175_3A,28.72796,-113.48973,01:01,01:01,01:01,01:01,02:02,09:09,09:09,05:05
32,Peninsula,NBP-C,175,175_4A,28.72796,-113.48973,01:01,01:03,01:01,01:01,01:02,06:09,09:09,07:07
33,Peninsula,NBP-C,175,175_5A,28.72796,-113.48973,01:01,01:01,01:01,01:01,02:02,08:09,09:09,05:07
34,Peninsula,NBP-C,175,175_6A,28.72796,-113.48973,01:01,01:01,01:01,01:01,02:02,08:08,09:09,07:07
35,Peninsula,NBP-C,175,175_7A,28.72796,-113.48973,01:01,03:03,01:02,01:01,02:02,09:10,09:09,05:07
36,Peninsula,NBP-C,177,177_1A,28.66056,-113.99141,01:01,01:03,01:01,01:01,02:02,07:07,09:09,05:07
37,Peninsula,NBP-C,177,177_2A,28.66056,-113.99141,01:01,01:01,01:01,01:01,02:02,06:09,09:09,05:07
38,Peninsula,NBP-C,177,177_3A,28.66056,-113.99141,01:01,01:03,01:01,01:01,02:02,07:09,09:09,07:07
39,Peninsula,NBP-C,177,177_4A,28.66056,-113.99141,01:01,01:03,01:01,01:01,01:02,06:08,09:09,07:07
40,Peninsula,NBP-C,177,177_5A,28.66056,-113.99141,01:01,01:01,01:01,01:01,02:02,08:09,09:09,07:07
41,Peninsula,NBP-C,177,177_6A,28.66056,-113.99141,01:01,01:03,01:01,01:01,01:01,09:10,09:09,07:07
42,Peninsula,NBP-C,177,177_7A,28.66056,-113.99141,01:01,01:03,01:02,01:01,01:01,09:09,09:09,07:07
43,Peninsula,NBP-C,177,177_8A,28.66056,-113.99141,01:01,01:01,01:02,01:01,01:02,06:09,09:09,07:07
44,Peninsula,NBP-C,177,177_9A,28.66056,-113.99141,01:01,01:01,01:02,01:01,01:01,09:09,09:09,05:05
45,Peninsula,NBP-C,177,177_10A,28.66056,-113.99141,01:01,01:01,01:02,01:01,01:01,07:09,09:09,05:08
46,Peninsula,NBP-C,173,173_1A,28.40846,-112.86985,01:01,03:03,01:01,01:01,02:02,08:08,07:10,07:07
47,Peninsula,NBP-C,173,173_2A,28.40846,-112.86985,01:01,03:03,01:01,01:01,02:02,09:09,09:09,07:07
48,Peninsula,NBP-C,173,173_3A,28.40846,-112.86985,01:01,03:03,01:01,01:01,02:02,07:08,09:09,05:07
49,Peninsula,NBP-C,173,173_4A,28.40846,-112.86985,01:02,03:03,01:01,01:01,01:02,07:09,09:09,05:05
50,Peninsula,NBP-C,173,173_5A,28.40846,-112.86985,01:01,03:03,01:01,01:01,01:01,07:08,09:09,06:07
51,Peninsula,NBP-C,173,173_6A,28.40846,-112.86985,01:01,03:03,01:01,01:01,02:02,07:07,07:09,05:07
52,Peninsula,NBP-C,173,173_7A,28.40846,-112.86985,01:02,03:03,01:03,01:01,01:01,07:07,07:09,05:07
53,Peninsula,NBP-C,173,173_8A,28.40846,-112.86985,01:01,01:03,01:01,01:01,02:02,08:08,09:09,05:07
54,Peninsula,NBP-C,173,173_9A,28.40846,-112.86985,01:01,03:03,01:03,01:01,01:02,08:09,09:09,04:07
55,Peninsula,NBP-C,173,173_10A,28.40846,-112.86985,01:01,01:03,01:01,01:01,02:02,08:08,09:09,06:07
56,Peninsula,NBP-C,171,171_1A,28.22308,-113.18263,01:01,03:03,01:01,01:01,,08:09,09:09,05:06
57,Peninsula,NBP-C,171,171_2A,28.22308,-113.18263,01:01,01:01,01:02,01:01,02:02,07:09,07:09,05:05
58,Peninsula,NBP-C,171,171_3A,28.22308,-113.18263,01:01,01:03,01:01,01:01,02:02,08:08,09:09,05:07
59,Peninsula,NBP-C,171,171_4A,28.22308,-113.18263,01:01,01:01,01:01,01:01,02:02,07:07,09:09,05:05
60,Peninsula,NBP-C,171,171_5A,28.22308,-113.18263,01:01,01:03,01:01,01:01,02:02,09:09,09:09,07:07
61,Peninsula,NBP-C,171,171_6A,28.22308,-113.18263,01:01,01:03,03:03,01:01,02:02,08:08,09:09,05:05
62,Peninsula,NBP-C,171,171_7A,28.22308,-113.18263,01:02,03:03,01:01,01:01,01:02,07:08,09:09,07:07
63,Peninsula,NBP-C,171,171_8A,28.22308,-113.18263,01:02,01:03,01:01,01:01,02:02,08:08,07:09,07:07
64,Peninsula,NBP-C,171,171_9A,28.22308,-113.18263,01:01,01:03,01:01,01:01,01:02,08:09,09:09,07:07
65,Peninsula,NBP-C,171,171_10A,28.22308,-113.18263,01:01,01:03,01:01,01:01,02:02,08:08,09:09,05:07
66,Peninsula,NBP-C,89,89_31A,28.03661,-113.39991,01:01,03:03,01:03,01:01,02:02,07:09,09:10,05:07
67,Peninsula,NBP-C,89,89_32A,28.03661,-113.39991,01:01,03:03,01:01,01:01,02:02,09:09,09:10,05:07
68,Peninsula,NBP-C,89,89_33A,28.03661,-113.39991,01:01,03:03,03:03,01:01,02:02,08:09,07:09,07:08
69,Peninsula,NBP-C,89,89_34A,28.03661,-113.39991,01:02,03:03,01:01,01:01,,07:10,09:09,07:07
70,Peninsula,NBP-C,89,89_35A,28.03661,-113.39991,01:01,03:03,03:05,01:01,02:02,07:08,07:09,05:07
71,Peninsula,NBP-C,89,89_36A,28.03661,-113.39991,01:01,03:03,01:01,01:01,02:02,08:09,07:07,05:07
72,Peninsula,NBP-C,89,89_37A,28.03661,-113.39991,01:02,03:03,01:01,01:01,02:02,07:09,07:09,05:07
73,Peninsula,NBP-C,89,89_38A,28.03661,-113.39991,01:01,03:03,01:01,01:01,02:02,07:09,09:09,05:07
74,Peninsula,NBP-C,89,89_39A,28.03661,-113.39991,01:01,03:03,01:01,01:01,02:02,07:07,07:09,05:07
75,Peninsula,NBP-C,89,89_40A,28.03661,-113.39991,01:01,01:03,01:01,01:01,02:02,07:07,09:09,07:07
76,Peninsula,NBP-C,159,159_11A,27.52944,-113.31609,01:01,01:03,01:03,01:01,02:02,08:09,09:09,05:07
77,Peninsula,NBP-C,159,159_12A,27.52944,-113.31609,01:01,01:03,02:05,01:01,02:02,07:08,09:09,04:07
78,Peninsula,NBP-C,159,159_13A,27.52944,-113.31609,01:01,01:03,01:01,01:01,02:02,07:08,07:09,05:07
79,Peninsula,NBP-C,159,159_14A,27.52944,-113.31609,01:01,01:03,01:01,01:01,02:02,08:11,07:09,05:07
80,Peninsula,NBP-C,159,159_15A,27.52944,-113.31609,01:02,01:03,01:01,01:01,02:02,08:08,09:09,04:07
81,Peninsula,NBP-C,159,159_16A,27.52944,-113.31609,01:02,03:03,01:01,01:01,02:02,07:08,09:09,05:07
82,Peninsula,NBP-C,159,159_17A,27.52944,-113.31609,01:01,03:03,01:01,01:02,02:02,08:09,09:09,05:07
83,Peninsula,NBP-C,159,159_18A,27.52944,-113.31609,01:01,03:03,01:01,01:01,02:02,08:09,09:09,05:07
84,Peninsula,NBP-C,159,159_19A,27.52944,-113.31609,01:01,03:03,03:03,01:01,02:02,08:08,07:09,05:07
85,Peninsula,CBP-C,SFr,SFr_1A,27.3632,-112.964,01:01,03:03,01:01,01:02,02:02,07:07,05:05,05:07
86,Peninsula,CBP-C,SFr,SFr_2A,27.3632,-112.964,01:01,03:03,01:01,02:02,02:02,06:08,05:05,05:07
87,Peninsula,CBP-C,SFr,SFr_3A,27.3632,-112.964,01:02,03:03,01:01,01:02,02:02,08:09,05:05,07:07
88,Peninsula,CBP-C,SFr,SFr_4A,27.3632,-112.964,01:01,03:03,01:01,01:02,01:02,07:08,05:05,06:07
89,Peninsula,CBP-C,SFr,SFr_5A,27.3632,-112.964,01:02,03:03,01:01,01:02,02:02,07:07,05:05,05:05
90,Peninsula,CBP-C,SFr,SFr_6A,27.3632,-112.964,02:02,03:03,01:01,02:02,02:02,06:07,05:05,07:07
91,Peninsula,CBP-C,SFr,SFr_7A,27.3632,-112.964,01:01,01:03,01:01,01:02,02:02,09:09,05:05,05:07
92,Peninsula,CBP-C,SFr,SFr_8A,27.3632,-112.964,01:01,01:03,01:01,01:02,02:02,08:08,05:05,07:08
93,Peninsula,CBP-C,SFr,SFr_9A,27.3632,-112.964,01:01,03:03,01:01,02:02,02:02,07:07,05:05,07:07
94,Peninsula,CBP-C,160,160_11A,27.40498,-112.52959,01:01,03:03,01:01,02:02,01:01,08:08,05:05,06:07
95,Peninsula,CBP-C,160,160_12A,27.40498,-112.52959,01:01,03:03,01:01,02:02,02:02,07:09,05:07,05:06
96,Peninsula,CBP-C,160,160_13A,27.40498,-112.52959,01:02,03:03,01:01,02:02,02:02,09:09,05:05,05:05
97,Peninsula,CBP-C,160,160_14A,27.40498,-112.52959,01:01,03:03,01:01,01:01,02:02,09:09,05:05,05:07
98,Peninsula,CBP-C,160,160_15A,27.40498,-112.52959,01:01,01:03,01:01,02:02,02:02,02:09,05:05,04:08
99,Peninsula,CBP-C,160,160_16A,27.40498,-112.52959,01:02,03:03,01:01,02:02,02:02,07:07,05:05,05:05
100,Peninsula,CBP-C,160,160_17A,27.40498,-112.52959,01:01,01:04,01:01,01:01,02:02,08:08,05:05,05:06
101,Peninsula,CBP-C,160,160_18A,27.40498,-112.52959,02:02,03:03,01:01,02:02,01:02,07:08,05:05,07:08
102,Peninsula,CBP-C,160,160_19A,27.40498,-112.52959,01:01,01:01,01:01,01:01,02:02,06:07,05:05,05:05
103,Peninsula,CBP-C,160,160_20A,27.40498,-112.52959,01:01,03:03,01:01,01:02,01:01,07:08,05:05,07:07
104,Peninsula,CBP-C,162,162_2A,27.2028,-112.408,01:01,01:01,01:01,01:01,,07:07,05:05,06:06
105,Peninsula,CBP-C,162,162_3A,27.2028,-112.408,01:01,01:03,01:01,01:01,02:02,07:13,05:05,05:05
106,Peninsula,CBP-C,162,162_4A,27.2028,-112.408,01:01,03:03,01:01,01:02,02:02,08:08,05:05,07:07
107,Peninsula,CBP-C,162,162_5A,27.2028,-112.408,01:02,01:01,01:01,02:02,,07:08,05:05,06:06
108,Peninsula,CBP-C,162,162_6A,27.2028,-112.408,01:01,03:03,01:03,02:02,02:02,07:08,05:05,05:07
109,Peninsula,CBP-C,162,162_7A,27.2028,-112.408,01:01,01:03,01:01,01:01,02:02,08:08,05:05,06:08
110,Peninsula,CBP-C,162,162_8A,27.2028,-112.408,01:01,01:03,01:01,01:02,,07:07,05:07,05:06
111,Peninsula,CBP-C,162,162_10A,27.2028,-112.408,01:01,03:03,01:01,02:02,01:02,08:08,05:05,05:07
112,Peninsula,CBP-C,162,162_11A,27.2028,-112.408,01:01,01:01,01:01,02:02,02:02,07:07,05:05,05:07
113,Peninsula,CBP-C,162,162_12A,27.2028,-112.408,01:01,01:03,01:01,01:01,02:02,05:07,05:05,05:06
114,Peninsula,CBP-C,12,12_1A,27.18232,-112.66552,01:01,01:03,01:01,01:01,01:02,08:10,05:05,05:05
115,Peninsula,CBP-C,12,12_2A,27.18232,-112.66552,01:02,01:03,01:01,02:02,02:02,07:07,05:05,05:07
116,Peninsula,CBP-C,12,12_3A,27.18232,-112.66552,01:01,01:03,01:01,02:02,02:02,07:08,05:05,05:08
117,Peninsula,CBP-C,12,12_4A,27.18232,-112.66552,01:01,03:03,01:01,02:02,01:02,08:08,05:05,04:06
118,Peninsula,CBP-C,12,12_5A,27.18232,-112.66552,01:02,03:03,01:01,02:02,01:02,08:08,05:05,05:07
119,Peninsula,CBP-C,12,12_6A,27.18232,-112.66552,01:01,01:03,01:01,02:02,02:02,08:08,05:05,07:07
120,Peninsula,CBP-C,12,12_7A,27.18232,-112.66552,01:02,01:03,01:01,01:01,02:02,06:07,05:05,05:05
121,Peninsula,CBP-C,12,12_8A,27.18232,-112.66552,01:01,03:03,01:01,01:01,01:02,01:07,05:05,07:08
122,Peninsula,CBP-C,12,12_9A,27.18232,-112.66552,01:02,01:03,01:01,01:01,02:02,07:07,05:05,05:06
123,Peninsula,CBP-C,12,12_10A,27.18232,-112.66552,01:01,03:03,01:01,01:02,02:02,08:08,05:05,05:05
124,Peninsula,CBP-C,161,161_1A,27.0367,-112.986,01:01,03:03,01:01,01:02,02:02,07:09,05:05,05:07
125,Peninsula,CBP-C,161,161_2A,27.0367,-112.986,01:01,01:03,01:01,01:02,02:02,08:09,05:05,04:06
126,Peninsula,CBP-C,161,161_3A,27.0367,-112.986,01:01,03:03,01:01,01:02,02:02,07:08,05:05,06:07
127,Peninsula,CBP-C,161,161_4A,27.0367,-112.986,01:01,03:03,01:01,01:02,,07:08,05:05,05:06
128,Peninsula,CBP-C,161,161_5A,27.0367,-112.986,01:01,01:03,01:01,02:02,02:02,08:08,05:05,05:08
129,Peninsula,CBP-C,161,161_6A,27.0367,-112.986,01:01,01:03,01:01,01:02,02:02,08:08,05:05,05:06
130,Peninsula,CBP-C,161,161_7A,27.0367,-112.986,01:01,01:03,01:01,01:02,02:02,07:09,05:05,06:08
131,Peninsula,CBP-C,161,161_8A,27.0367,-112.986,01:02,01:03,01:01,02:02,02:02,07:08,05:05,07:07
132,Peninsula,CBP-C,161,161_9A,27.0367,-112.986,01:01,03:04,01:01,02:02,02:02,08:10,05:05,05:08
133,Peninsula,CBP-C,161,161_10A,27.0367,-112.986,01:01,01:01,01:01,01:02,02:02,07:08,05:05,05:07
134,Peninsula,CBP-C,93,93_11A,26.94589,-112.04613,01:02,03:03,01:01,01:01,02:02,07:07,05:05,07:08
135,Peninsula,CBP-C,93,93_12A,26.94589,-112.04613,01:02,03:03,01:01,01:01,01:02,06:09,05:05,05:06
136,Peninsula,CBP-C,93,93_13A,26.94589,-112.04613,01:01,03:03,01:01,01:02,02:02,07:09,05:05,05:07
137,Peninsula,CBP-C,93,93_14A,26.94589,-112.04613,01:02,03:03,01:01,02:02,02:02,07:08,05:05,06:06
138,Peninsula,CBP-C,93,93_15A,26.94589,-112.04613,01:01,01:03,01:01,01:02,02:02,08:08,05:05,06:07
139,Peninsula,CBP-C,93,93_16A,26.94589,-112.04613,01:02,03:03,01:01,01:02,02:02,07:08,05:05,05:07
140,Peninsula,CBP-C,93,93_17A,26.94589,-112.04613,01:01,03:03,01:01,01:02,02:02,08:08,05:05,05:05
141,Peninsula,CBP-C,93,93_18A,26.94589,-112.04613,01:01,01:01,01:01,02:02,01:02,08:08,05:05,05:05
142,Peninsula,CBP-C,93,93_19A,26.94589,-112.04613,01:02,03:03,01:01,01:01,,08:09,05:05,07:07
143,Peninsula,CBP-C,93,93_20A,26.94589,-112.04613,01:02,01:01,01:01,02:02,,08:08,05:05,05:05
144,Peninsula,CBP-C,165,165_1A,26.24905,-112.40948,01:01,03:03,01:01,01:02,02:02,08:08,05:05,06:06
145,Peninsula,CBP-C,165,165_2A,26.24905,-112.40948,01:02,01:03,01:01,01:01,01:02,07:10,05:05,07:07
146,Peninsula,CBP-C,165,165_3A,26.24905,-112.40948,01:01,01:01,01:04,02:02,02:02,07:08,05:05,05:07
147,Peninsula,CBP-C,165,165_4A,26.24905,-112.40948,01:01,01:04,01:04,02:02,01:01,07:08,05:05,06:07
148,Peninsula,CBP-C,165,165_5A,26.24905,-112.40948,01:02,01:01,01:01,01:01,02:02,07:08,05:05,05:07
149,Peninsula,CBP-C,165,165_6A,26.24905,-112.40948,01:02,01:01,01:01,02:02,01:02,07:07,05:05,05:06
150,Peninsula,CBP-C,165,165_7A,26.24905,-112.40948,02:02,01:04,01:01,02:02,02:02,08:08,05:05,05:08
151,Peninsula,CBP-C,165,165_9A,26.24905,-112.40948,01:02,03:04,01:01,01:02,02:02,07:10,05:05,05:05
152,Peninsula,CBP-C,165,165_10A,26.24905,-112.40948,01:01,01:03,01:01,02:02,01:02,08:08,05:05,05:06
153,Peninsula,CBP-C,165,165_11A,26.24905,-112.40948,01:01,03:03,01:01,02:02,02:02,07:09,05:05,05:06
154,Peninsula,CBP-C,169,169_1A,26.20876,-111.37833,01:01,01:04,01:01,02:02,02:02,07:07,05:05,05:05
155,Peninsula,CBP-C,169,169_2A,26.20876,-111.37833,01:02,03:03,01:01,01:02,01:02,07:07,05:05,05:05
156,Peninsula,CBP-C,169,169_3A,26.20876,-111.37833,01:02,03:03,01:01,02:02,02:02,07:08,05:05,05:07
157,Peninsula,CBP-C,169,169_4A,26.20876,-111.37833,01:01,03:04,01:01,02:02,01:02,07:08,05:05,05:06
158,Peninsula,CBP-C,169,169_5A,26.20876,-111.37833,01:01,01:03,01:01,01:02,02:02,07:09,05:05,05:05
159,Peninsula,CBP-C,169,169_6A,26.20876,-111.37833,01:02,03:04,01:01,01:01,01:02,08:08,05:05,05:07
160,Peninsula,CBP-C,169,169_7A,26.20876,-111.37833,01:01,03:03,01:01,01:02,01:02,08:09,05:05,05:07
161,Peninsula,CBP-C,169,169_8A,26.20876,-111.37833,01:02,01:03,01:01,01:02,01:02,07:07,05:05,07:07
162,Peninsula,CBP-C,169,169_9A,26.20876,-111.37833,01:02,01:03,01:01,01:02,02:02,07:08,05:05,05:08
163,Peninsula,CBP-C,169,169_10A,26.20876,-111.37833,02:02,01:01,01:01,02:02,02:02,08:09,05:05,05:07
164,Peninsula,CBP-C,58,58_11A,26.0155,-111.35475,02:02,03:03,01:01,02:02,02:02,07:07,05:05,05:07
165,Peninsula,CBP-C,58,58_12A,26.0155,-111.35475,02:02,01:03,01:01,02:02,01:02,09:09,05:05,05:07
166,Peninsula,CBP-C,58,58_13A,26.0155,-111.35475,01:02,01:03,01:01,02:02,01:02,08:08,05:05,05:05
167,Peninsula,CBP-C,58,58_14A,26.0155,-111.35475,01:02,03:03,01:01,02:02,02:02,07:07,05:05,05:07
168,Peninsula,CBP-C,58,58_15A,26.0155,-111.35475,01:02,03:03,01:01,02:02,01:02,08:08,05:05,05:07
169,Peninsula,CBP-C,58,58_17A,26.0155,-111.35475,02:02,01:01,01:01,02:02,01:02,08:09,05:05,05:05
170,Peninsula,CBP-C,58,58_18A,26.0155,-111.35475,02:02,03:03,01:01,02:02,02:02,07:07,05:05,05:08
171,Peninsula,CBP-C,58,58_19A,26.0155,-111.35475,01:02,03:03,01:01,02:02,02:02,07:07,05:05,05:05
172,Peninsula,CBP-C,58,58_20A,26.0155,-111.35475,02:02,03:03,01:01,02:02,02:02,07:08,05:05,05:07
173,Peninsula,CBP-C,166,166_1A,25.91409,-112.08062,02:02,01:03,01:01,01:01,02:02,07:09,05:05,05:05
174,Cape,SCBP-A,166,166_2A,25.91409,-112.08062,01:01,02:02,01:02,01:01,02:02,03:04,03:03,18:18
175,Peninsula,CBP-C,166,166_3A,25.91409,-112.08062,01:01,03:03,01:01,02:02,02:02,05:09,05:05,05:08
176,Peninsula,CBP-C,166,166_4A,25.91409,-112.08062,01:01,01:03,01:01,02:02,02:02,07:08,05:05,06:06
177,Peninsula,CBP-C,166,166_5A,25.91409,-112.08062,01:01,01:03,01:01,02:02,01:01,08:08,05:05,05:05
178,Cape,SCBP-A,166,166_6A,25.91409,-112.08062,02:02,02:02,02:02,01:01,02:02,04:04,03:03,18:18
179,Peninsula,CBP-C,166,166_7A,25.91409,-112.08062,01:02,03:03,01:01,02:02,02:02,07:08,05:05,05:08
180,Peninsula,CBP-C,166,166_8A,25.91409,-112.08062,01:02,03:03,01:01,02:02,02:02,07:08,05:05,05:07
181,Peninsula,CBP-C,166,166_9A,25.91409,-112.08062,01:01,03:03,01:01,02:02,02:02,05:05,05:05,05:07
182,Peninsula,CBP-C,166,166_10A,25.91409,-112.08062,01:01,03:03,01:01,02:02,01:02,07:07,05:05,05:05
183,Peninsula,CBP-C,64,64_5A,25.60521,-111.32638,01:02,03:03,01:01,02:02,01:02,07:07,05:05,07:07
184,Peninsula,CBP-C,64,64_6A,25.60521,-111.32638,01:01,01:03,01:01,02:02,01:02,07:07,05:05,07:07
185,Peninsula,CBP-C,64,64_7A,25.60521,-111.32638,01:01,01:03,01:01,02:02,01:01,06:06,05:05,07:07
186,Peninsula,CBP-C,64,64_8A,25.60521,-111.32638,01:01,01:03,01:01,02:02,01:02,06:08,05:05,07:07
187,Peninsula,CBP-C,64,64_14A,25.60521,-111.32638,02:02,01:03,01:01,02:02,01:01,07:07,05:05,07:07
188,Peninsula,CBP-C,168,168_1A,25.55757,-111.21563,01:01,03:03,01:01,02:02,01:01,07:08,05:05,05:07
189,Peninsula,CBP-C,168,168_2A,25.55757,-111.21563,01:01,01:03,01:01,02:02,01:01,07:09,05:05,06:07
190,Peninsula,CBP-C,168,168_3A,25.55757,-111.21563,01:02,03:03,01:04,02:02,01:01,07:07,05:05,06:06
191,Peninsula,CBP-C,168,168_4A,25.55757,-111.21563,01:02,03:03,01:04,02:02,01:02,07:08,05:05,07:07
192,Peninsula,CBP-C,168,168_5A,25.55757,-111.21563,01:02,03:03,01:01,02:02,01:02,07:09,05:05,06:07
193,Peninsula,CBP-C,168,168_6A,25.55757,-111.21563,01:01,03:03,01:01,02:02,01:01,08:08,05:05,05:06
194,Peninsula,CBP-C,168,168_7A,25.55757,-111.21563,01:01,03:04,01:01,02:02,01:01,08:08,05:05,05:07
195,Peninsula,CBP-C,168,168_8A,25.55757,-111.21563,01:01,03:04,01:01,02:02,01:02,07:09,05:05,07:07
196,Peninsula,CBP-C,168,168_9A,25.55757,-111.21563,01:02,01:03,01:01,02:02,02:02,08:08,05:05,05:05
197,Peninsula,CBP-C,168,168_10A,25.55757,-111.21563,01:02,01:03,01:01,02:02,01:02,07:07,05:05,06:06
198,Peninsula,CBP-C,51,51_13A,25.34819,-111.60056,02:02,03:05,01:01,02:02,01:02,08:08,05:05,05:05
199,Peninsula,CBP-C,51,51_15A,25.34819,-111.60056,02:02,03:05,01:01,02:02,02:02,06:07,05:05,05:07
200,Peninsula,CBP-C,51,51_16A,25.34819,-111.60056,02:02,03:04,01:01,02:02,01:02,08:08,05:05,05:06
201,Peninsula,CBP-C,51,51_17A,25.34819,-111.60056,01:02,03:03,01:01,02:02,01:02,07:08,05:05,05:05
202,Peninsula,CBP-C,51,51_18A,25.34819,-111.60056,02:02,03:03,01:01,02:02,01:02,07:07,05:05,05:05
203,Peninsula,CBP-C,51,51_19A,25.34819,-111.60056,01:02,03:03,01:01,02:02,01:02,08:08,05:05,05:07
204,Peninsula,CBP-C,51,51_20A,25.34819,-111.60056,02:02,03:03,01:01,02:02,01:02,08:08,05:05,05:05
205,Cape,SCBP-A,Const,Con_1A,25.0247,-111.675,01:02,02:02,02:02,01:01,02:02,04:04,03:03,18:18
206,Cape,SCBP-A,Const,Con_2A,25.0247,-111.675,02:02,02:02,01:01,01:01,02:02,03:03,03:03,19:19
207,Cape,SCBP-A,Const,Con_3A,25.0247,-111.675,02:02,02:02,01:01,01:01,02:02,04:04,03:03,18:18
208,Peninsula,CBP-C,Const,Con_4A,25.0247,-111.675,02:02,01:01,01:01,01:01,01:02,08:08,05:05,05:07
209,Cape,SCBP-A,Const,Con_5A,25.0247,-111.675,01:02,01:01,01:01,01:02,,,09:09,18:18
210,Cape,SCBP-A,Const,Con_6A,25.0247,-111.675,02:02,02:02,02:02,01:01,02:02,04:04,03:03,18:19
211,Cape,SCBP-A,Const,Con_7A,25.0247,-111.675,02:02,02:02,01:02,01:01,02:02,03:04,03:03,18:18
212,Peninsula,CBP-C,Const,Con_8A,25.0247,-111.675,01:02,01:01,01:01,02:02,02:02,07:08,05:05,05:05
213,Cape,SCBP-A,Const,Con_9A,25.0247,-111.675,02:02,02:02,02:02,01:01,02:02,03:03,03:03,18:18
214,Cape,SCBP-A,Const,Con_10A,25.0247,-111.675,02:02,02:02,02:02,01:01,02:02,03:04,03:03,18:18
215,Peninsula,CBP-C,Const,Con_11A,25.0247,-111.675,01:02,01:04,01:01,01:02,01:02,08:08,05:05,05:05
216,Peninsula,CBP-C,77,77_11A,24.87611,-110.69175,01:02,03:04,01:01,01:01,02:02,07:07,05:05,06:06
217,Peninsula,CBP-C,77,77_12A,24.87611,-110.69175,01:01,03:03,01:01,02:02,02:02,07:07,05:05,05:06
218,Peninsula,CBP-C,77,77_13A,24.87611,-110.69175,01:01,03:03,01:01,01:01,02:02,07:07,05:05,06:06
219,Cape,SCBP-A,77,77_14A,24.87611,-110.69175,02:02,02:02,01:01,01:01,02:02,04:04,03:03,18:18
220,Peninsula,CBP-C,77,77_15A,24.87611,-110.69175,01:02,03:03,01:01,01:02,02:02,07:08,05:05,05:06
221,Peninsula,CBP-C,77,77_16A,24.87611,-110.69175,01:02,03:03,01:01,01:01,02:02,07:07,05:05,06:06
222,Peninsula,CBP-C,77,77_17A,24.87611,-110.69175,02:02,03:03,01:01,02:02,02:02,07:08,05:05,05:06
223,Peninsula,CBP-C,77,77_18A,24.87611,-110.69175,01:01,03:03,01:01,01:01,02:02,07:08,05:05,06:07
224,Peninsula,CBP-C,77,77_19A,24.87611,-110.69175,01:01,03:03,01:01,01:01,02:02,07:07,05:05,06:06
225,Peninsula,CBP-C,77,77_20A,24.87611,-110.69175,01:02,03:03,01:01,01:01,02:02,09:09,05:05,05:06
226,Cape,SCBP-A,164,164_12A,24.74642,-111.5441,01:01,01:02,01:02,01:01,02:02,03:04,03:03,18:18
227,Peninsula,CBP-C,164,164_13A,24.74642,-111.5441,01:02,01:04,01:01,02:02,02:02,08:08,05:05,05:06
228,Cape,SCBP-A,164,164_14A,24.74642,-111.5441,02:02,02:02,02:02,01:01,02:02,03:05,03:03,18:18
229,Peninsula,CBP-C,164,164_15A,24.74642,-111.5441,02:02,01:01,01:01,01:02,01:01,08:08,05:05,05:05
230,Peninsula,CBP-C,164,164_16A,24.74642,-111.5441,02:02,01:04,01:01,01:01,01:02,07:08,05:05,05:05
231,Peninsula,CBP-C,164,164_18A,24.74642,-111.5441,02:02,01:01,01:01,02:02,01:01,07:08,05:05,05:05
232,Peninsula,CBP-C,164,164_19A,24.74642,-111.5441,02:02,04:04,01:01,01:02,01:02,08:08,05:05,05:06
233,Peninsula,CBP-C,164,164_20A,24.74642,-111.5441,01:02,01:03,01:01,02:02,01:02,08:08,05:05,05:05
234,Peninsula,CBP-C,164,164_21A,24.74642,-111.5441,01:01,01:03,01:01,01:02,02:02,08:08,05:05,05:05
235,Peninsula,CBP-C,164,164_22A,24.74642,-111.5441,01:02,04:04,01:01,02:02,01:02,08:08,05:05,05:05
236,Cape,SCBP-A,75,75_28A,24.58843,-110.74599,02:02,02:02,01:01,01:01,02:02,05:05,03:03,18:19
237,Cape,SCBP-A,75,75_29A,24.58843,-110.74599,01:02,,01:01,02:02,,,03:03,18:18
238,Cape,SCBP-A,75,75_30A,24.58843,-110.74599,02:02,02:02,01:02,01:02,,,02:02,18:18
239,Cape,SCBP-A,75,75_31A,24.58843,-110.74599,02:02,02:02,01:02,01:01,02:02,04:04,03:03,18:18
240,Cape,SCBP-A,75,75_32A,24.58843,-110.74599,02:02,02:02,01:02,01:01,02:02,05:05,03:03,17:18
241,Cape,SCBP-A,75,75_33A,24.58843,-110.74599,02:02,02:02,01:02,01:01,02:02,05:05,03:03,17:17
242,Cape,SCBP-A,75,75_34A,24.58843,-110.74599,01:02,02:02,01:01,01:02,,,03:03,17:18
243,Cape,SCBP-A,75,75_35A,24.58843,-110.74599,02:02,02:02,01:02,01:01,02:02,04:04,03:03,17:17
244,Cape,SCBP-A,75,75_36A,24.58843,-110.74599,02:02,02:02,01:02,01:01,02:02,05:05,03:03,18:18
245,Peninsula,SBP-C,75,75_37A,24.58843,-110.74599,02:02,03:03,01:01,01:01,02:02,06:06,08:08,10:10
246,Cape,SCBP-A,75,75_38A,24.58843,-110.74599,02:02,02:02,01:02,01:01,02:02,04:04,03:03,18:18
247,Cape,SCBP-A,163,163_1A,24.2115,-110.951,02:02,02:02,02:02,01:01,02:02,03:05,03:03,18:18
248,Peninsula,SBP-C,163,163_2A,24.2115,-110.951,02:02,03:03,01:01,01:01,02:02,06:06,08:08,10:11
249,Peninsula,SBP-C,163,163_3A,24.2115,-110.951,02:02,03:03,01:01,01:01,02:02,06:06,08:08,11:11
250,Peninsula,SBP-C,163,163_4A,24.2115,-110.951,02:02,03:03,01:01,01:01,02:02,06:06,08:08,11:11
251,Peninsula,SBP-C,163,163_5A,24.2115,-110.951,02:02,03:03,01:01,01:01,02:02,06:06,08:08,11:11
252,Cape,SCBP-A,163,163_6A,24.2115,-110.951,01:02,02:02,02:02,01:01,02:02,03:05,03:03,18:18
253,Peninsula,SBP-C,163,163_7A,24.2115,-110.951,02:02,03:03,01:01,01:01,02:02,06:06,08:08,11:11
254,Peninsula,SBP-C,163,163_9A,24.2115,-110.951,02:02,03:03,01:01,01:01,02:02,06:06,08:08,10:11
255,Cape,SCBP-A,163,163_11A,24.2115,-110.951,01:02,02:02,02:02,01:01,02:02,03:03,03:03,18:18
256,Peninsula,SBP-C,163,163_12A,24.2115,-110.951,02:02,03:03,01:01,01:01,02:02,06:06,08:08,11:11
257,Peninsula,SBP-C,ESan,167_1A,24.45879,-110.36857,02:02,03:03,01:01,01:01,02:02,06:06,05:05,11:11
258,Cape,SCBP-A,ESan,167_2A,24.45879,-110.36857,02:02,02:02,02:02,01:01,02:02,04:04,03:03,18:18
259,Cape,SCBP-A,ESan,167_3A,24.45879,-110.36857,02:02,02:02,02:02,01:01,02:02,05:05,03:03,18:18
260,Peninsula,SBP-C,ESan,167_4A,24.45879,-110.36857,02:02,03:03,01:01,01:01,02:02,06:06,08:08,10:11
261,Cape,SCBP-A,ESan,167_5A,24.45879,-110.36857,02:02,02:02,02:02,01:01,02:02,04:04,03:03,18:18
262,Cape,SCBP-A,ESan,167_6A,24.45879,-110.36857,02:02,02:02,01:02,01:01,02:02,04:04,03:03,18:18
263,Cape,SCBP-A,ESan,167_7A,24.45879,-110.36857,02:02,01:02,01:02,01:01,02:02,04:04,03:03,18:18
264,Cape,SCBP-A,ESan,167_7B,24.45879,-110.36857,02:02,01:02,01:02,01:01,02:02,04:04,03:03,17:17
265,Peninsula,CBP-C,153,153_11A,24.13389,-110.46236,02:02,01:03,01:01,02:02,01:01,07:08,05:05,07:07
266,Peninsula,CBP-C,153,153_12A,24.13389,-110.46236,02:02,03:03,01:01,02:02,02:02,07:07,05:05,05:05
267,Peninsula,CBP-C,153,153_13A,24.13389,-110.46236,02:02,01:03,01:01,02:02,02:02,07:09,05:05,05:05
268,Peninsula,CBP-C,153,153_14A,24.13389,-110.46236,01:02,01:03,01:01,02:02,02:02,07:07,05:05,05:05
269,Peninsula,CBP-C,153,153_15A,24.13389,-110.46236,02:02,03:03,01:01,02:02,02:02,07:07,05:05,05:05
270,Peninsula,CBP-C,153,153_16A,24.13389,-110.46236,01:02,01:03,01:01,02:02,02:02,07:07,05:05,05:07
271,Peninsula,CBP-C,153,153_17A,24.13389,-110.46236,02:02,01:03,01:01,02:02,02:02,08:08,05:05,05:05
272,Peninsula,CBP-C,153,153_18A,24.13389,-110.46236,02:02,01:03,01:01,02:02,02:02,08:08,05:05,05:05
273,Peninsula,CBP-C,153,153_19A,24.13389,-110.46236,02:02,01:03,01:01,02:02,02:02,07:08,05:05,05:08
274,Peninsula,CBP-C,153,153_20A,24.13389,-110.46236,01:02,01:03,01:01,02:02,02:02,07:08,05:05,05:06
275,Cape,SCBP-A,48,48_11A,24.21441,-110.27252,02:02,02:02,02:02,01:01,02:02,04:04,03:03,18:18
276,Cape,SCBP-A,48,48_12A,24.21441,-110.27252,02:02,02:02,02:02,01:01,02:02,04:04,01:01,17:17
277,Cape,SCBP-A,48,48_13A,24.21441,-110.27252,02:02,02:02,02:02,01:01,02:02,04:04,03:03,18:18
278,Cape,SCBP-A,48,48_14A,24.21441,-110.27252,02:02,02:02,02:02,01:01,02:02,04:04,03:03,18:18
279,Cape,SCBP-A,48,48_15A,24.21441,-110.27252,02:02,02:02,02:02,01:01,02:02,04:04,03:03,18:18
280,Cape,SCBP-A,48,48_16A,24.21441,-110.27252,02:02,02:02,02:02,01:01,02:02,04:04,03:03,18:18
281,Cape,SCBP-A,48,48_17A,24.21441,-110.27252,02:02,02:02,02:02,01:01,02:02,04:04,03:03,17:18
282,Cape,SCBP-A,48,48_18A,24.21441,-110.27252,02:02,02:02,02:02,01:01,02:02,04:04,03:03,17:17
283,Cape,SCBP-A,48,48_19A,24.21441,-110.27252,02:02,02:02,02:02,01:01,02:02,05:05,03:03,18:18
284,Cape,SCBP-A,48,48_20A,24.21441,-110.27252,02:02,02:02,02:02,01:01,02:02,04:04,03:03,18:18
285,Cape,SCBP-A,156,156_11A,24.0438,-109.989,02:02,02:02,02:02,01:01,02:02,05:05,03:03,18:18
286,Cape,SCBP-A,156,156_12A,24.0438,-109.989,02:02,02:02,01:02,01:01,02:02,04:04,03:03,17:17
287,Cape,SCBP-A,156,156_13A,24.0438,-109.989,02:02,02:02,01:02,01:01,02:02,04:04,03:06,18:18
288,Cape,SCBP-A,156,156_14A,24.0438,-109.989,02:02,02:02,02:02,01:01,02:02,04:04,03:03,18:18
289,Cape,SCBP-A,156,156_15A,24.0438,-109.989,02:02,01:01,02:02,01:01,02:02,04:04,03:03,16:17
290,Cape,SCBP-A,156,156_16A,24.0438,-109.989,02:02,02:02,02:02,01:01,02:02,05:05,03:03,17:18
291,Cape,SCBP-A,157,157_14A,24.0195,-110.096,02:02,02:02,02:02,01:01,02:02,05:05,03:03,17:18
292,Cape,SCBP-A,157,157_15A,24.0195,-110.096,02:02,02:02,01:02,01:01,02:02,04:04,03:03,17:18
293,Peninsula,SBP-C,157,157_16A,24.0195,-110.096,02:02,01:03,01:01,01:01,02:02,06:06,05:05,11:11
294,Cape,SCBP-A,157,157_17A,24.0195,-110.096,02:02,02:02,01:02,01:01,02:02,04:04,03:06,17:17
295,Cape,SCBP-A,157,157_18A,24.0195,-110.096,02:02,02:02,01:02,01:01,02:02,04:04,03:06,18:18
296,Peninsula,SBP-C,157,157_19A,24.0195,-110.096,02:02,03:03,01:01,01:01,02:02,06:06,05:07,11:11
297,Cape,SCBP-A,157,157_20A,24.0195,-110.096,02:02,02:02,01:02,01:01,02:02,04:04,03:03,18:18
298,Cape,SCBP-A,157,157_21A,24.0195,-110.096,02:02,02:02,01:02,01:01,02:02,04:04,03:03,18:18
299,Cape,SCBP-A,157,157_22A,24.0195,-110.096,02:02,02:02,02:02,01:01,02:02,04:04,03:03,17:18
300,Cape,SCBP-A,157,157_23A,24.0195,-110.096,02:02,02:02,02:02,01:01,02:02,04:04,03:03,17:17
301,Peninsula,SBP-C,73,73_11A,24.00789,-109.85071,02:02,03:03,01:01,01:01,02:02,06:07,05:05,11:11
302,Cape,SCBP-A,73,73_12A,24.00789,-109.85071,02:02,02:02,01:02,01:01,02:02,04:04,03:03,18:18
303,Cape,SCBP-A,73,73_13A,24.00789,-109.85071,02:02,02:02,01:02,01:01,02:02,05:05,03:03,18:19
304,Cape,SCBP-A,73,73_14A,24.00789,-109.85071,02:02,02:02,01:02,01:01,02:02,05:05,03:03,17:17
305,Cape,SCBP-A,73,73_15A,24.00789,-109.85071,02:02,02:02,01:02,01:01,,05:05,03:03,18:18
306,Peninsula,SBP-C,73,73_16A,24.00789,-109.85071,02:02,03:03,01:01,01:01,02:02,06:07,05:05,10:11
307,Cape,SCBP-A,73,73_17A,24.00789,-109.85071,02:02,02:02,01:02,01:01,02:02,04:04,03:03,18:18
308,Cape,SCBP-A,73,73_18A,24.00789,-109.85071,02:02,02:02,01:02,01:01,02:02,04:04,03:03,18:18
309,Cape,SCBP-A,73,73_19A,24.00789,-109.85071,02:02,02:02,01:02,01:01,02:02,05:05,03:03,18:18
310,Cape,SCBP-A,73,73_20A,24.00789,-109.85071,02:02,02:02,01:02,01:01,02:02,05:05,03:03,18:18
311,Cape,SCBP-A,Aqu,174_11A,23.2855,-110.10429,01:02,02:02,01:02,01:01,02:02,05:05,03:03,18:18
312,Peninsula,SBP-C,Aqu,174_12A,23.2855,-110.10429,02:02,03:03,01:01,01:01,02:02,06:06,05:05,11:11
313,Peninsula,SBP-C,Aqu,174_13A,23.2855,-110.10429,02:02,03:03,01:01,01:01,02:02,06:06,05:05,10:10
314,Cape,SCBP-A,Aqu,174_14A,23.2855,-110.10429,01:02,02:02,01:01,01:01,02:02,04:04,03:03,18:19
315,Cape,SCBP-A,Aqu,174_15A,23.2855,-110.10429,02:02,02:02,02:02,01:01,02:02,04:04,03:03,18:18
316,Peninsula,CBP-C,Aqu,174_16A,23.2855,-110.10429,01:02,,,01:02,,,02:02,
317,Cape,SCBP-A,Aqu,174_17A,23.2855,-110.10429,02:02,02:02,02:02,01:01,02:02,04:04,03:03,18:18
318,Peninsula,SBP-C,Aqu,174_18A,23.2855,-110.10429,02:02,03:03,01:01,01:01,02:02,05:06,05:05,11:11
319,Cape,SCBP-A,Mat,Mat1_1A,23.08984,-110.1091,02:02,01:01,02:02,01:01,02:02,04:04,03:03,18:18
320,Cape,SCBP-A,Mat,Mat1_1B,23.08984,-110.1091,02:02,01:02,02:02,01:01,02:02,04:04,03:03,18:18
321,Cape,SCBP-A,Mat,Mat1_1C,23.08984,-110.1091,02:02,01:01,02:02,01:01,02:02,05:05,03:03,17:18
322,Cape,SCBP-A,Mat,Mat1_1D,23.08984,-110.1091,02:02,01:01,02:02,01:01,02:02,05:05,03:03,18:18
323,Peninsula,CBP-C,Mat,Mat1_3A,23.08984,-110.1091,01:02,,,01:02,,,05:05,
324,Peninsula,SBP-C,98,98_12A,23.0757,-109.64869,02:02,03:03,01:01,01:01,02:02,06:06,05:05,10:11
325,Cape,SCBP-A,98,98_13A,23.0757,-109.64869,02:02,01:01,02:02,01:01,02:02,05:05,03:03,18:18
326,Cape,SCBP-A,98,98_14A,23.0757,-109.64869,02:02,01:01,02:02,01:01,02:02,05:05,03:03,18:18
327,Cape,SCBP-A,98,98_15A,23.0757,-109.64869,02:02,01:01,02:02,01:01,02:02,05:05,03:03,18:18
328,Mainland,SON-B,101,101_1A,27.90509,-110.57436,01:02,,01:01,,,,02:02,
329,Mainland,SON-B,101,101_2A,27.90509,-110.57436,02:02,01:01,01:01,01:01,,,02:02,13:13
330,Mainland,SON-B,101,101_3A,27.90509,-110.57436,01:02,,01:01,01:02,,,09:09,
331,Mainland,SON-B,101,101_4A,27.90509,-110.57436,02:02,01:01,03:03,01:02,01:01,11:11,02:02,13:14
332,Mainland,SON-B,101,101_5A,27.90509,-110.57436,01:02,01:01,01:01,01:02,,08:08,04:04,12:12
333,Mainland,SON-B,101,101_6A,27.90509,-110.57436,01:02,01:01,03:03,01:02,,,02:02,12:12
334,Mainland,SON-B,101,101_8A,27.90509,-110.57436,02:02,01:01,03:03,01:01,,,02:02,02:12
335,Mainland,SON-B,101,101_9A,27.90509,-110.57436,01:02,,01:01,,,,02:09,
336,Mainland,SON-B,101,101_10A,27.90509,-110.57436,02:02,01:01,01:03,01:01,,,02:09,11:12
337,Mainland,SON-B,32,32_1A,26.63783,-109.327,01:02,01:03,01:01,01:02,02:02,,02:02,12:13
338,Mainland,SON-B,32,32_3A,26.63783,-109.327,02:02,01:01,03:03,01:01,02:02,11:11,02:04,13:13
339,Mainland,SON-B,32,32_4A,26.63783,-109.327,02:02,01:01,03:04,01:01,02:02,11:11,02:02,03:12
340,Mainland,SON-B,32,32_5A,26.63783,-109.327,01:02,01:01,03:03,01:01,02:02,11:11,02:02,03:13
341,Mainland,SON-B,32,32_6A,26.63783,-109.327,02:02,01:01,03:03,01:01,02:02,11:11,02:02,12:12
342,Mainland,SON-B,32,32_7A,26.63783,-109.327,02:02,01:01,03:03,01:01,02:02,11:11,02:02,12:13
343,Mainland,SON-B,32,32_8A,26.63783,-109.327,01:02,01:01,03:03,01:01,02:02,11:11,02:02,02:14
344,Mainland,SON-B,32,32_9A,26.63783,-109.327,02:02,01:01,03:03,01:01,02:02,12:12,02:03,12:12
345,Mainland,SON-B,32,32_10A,26.63783,-109.327,02:02,01:01,03:03,01:01,02:02,12:12,02:02,13:13
346,Mainland,SON-B,32,32_12A,26.63783,-109.327,02:02,01:01,03:03,01:01,02:02,11:11,02:02,02:10
347,Mainland,SON-B,32,32_14A,26.63783,-109.327,01:01,01:01,03:04,01:01,02:02,12:12,02:02,11:13
348,Mainland,SON-B,32,32_16A,26.63783,-109.327,01:02,01:01,03:04,01:01,02:02,08:12,02:04,01:12
349,Mainland,SON-B,32,32_18A,26.63783,-109.327,01:02,01:01,04:04,01:01,02:02,11:11,02:02,03:13
350,Mainland,SON-B,32,32_20A,26.63783,-109.327,02:02,01:01,03:04,01:01,02:02,10:11,02:02,11:11
351,Mainland,SON-B,32,32_43A,26.63783,-109.327,01:02,01:01,03:03,01:01,02:02,12:12,02:02,10:13
352,Mainland,SON-B,32,32_44A,26.63783,-109.327,02:02,01:01,03:03,01:01,02:02,12:12,02:02,02:10
353,Mainland,SON-B,32,32_45A,26.63783,-109.327,01:02,01:01,03:04,01:01,02:02,08:11,02:02,02:14
354,Mainland,SON-B,32,32_46A,26.63783,-109.327,02:02,01:01,03:03,01:01,02:02,11:11,02:02,03:13
355,Mainland,SON-B,32,32_47A,26.63783,-109.327,02:02,01:01,03:04,01:01,02:02,11:11,02:02,11:12
356,Mainland,SON-B,102,102_11A,26.38014,-109.12633,02:02,,01:03,01:02,,,02:09,09:09
357,Mainland,SON-B,102,102_13A,26.38014,-109.12633,01:02,01:01,03:03,01:02,,,02:02,03:12
358,Mainland,SON-B,102,102_14A,26.38014,-109.12633,01:02,,,01:02,,,02:02,02:05
359,Mainland,SON-B,102,102_15A,26.38014,-109.12633,01:02,01:01,03:03,01:01,,,02:02,11:12
360,Mainland,SON-B,102,102_16A,26.38014,-109.12633,01:02,,03:03,01:02,,11:11,02:02,11:13
361,Mainland,SON-B,102,102_17A,26.38014,-109.12633,02:02,01:01,01:01,01:01,,,02:02,12:12
362,Mainland,SON-B,102,102_18A,26.38014,-109.12633,01:02,01:01,03:03,01:02,,,02:02,12:12
363,Mainland,SON-B,102,102_19A,26.38014,-109.12633,02:02,01:01,03:03,01:02,,,02:02,03:13
